Varlık,Fiyat,EMA_Durumu,RSI,StochRSI,TSI,SSL&EMA_Sinyal,Tilson_Sinyal,Hacim_SMI,Kombine_Dip,Supertrend_Sinyal,Alim_Bandi,Satim_Bandi,BB_Fiyat_Durum,BB_Sikisma,BB_Bant_Durum,Destek_Direnc
AIQ,66.23,58.37,63.39,81.4,0.72,⚠️ Yükseliş Trendinde Düzeltme (SSL Negatif),🟢 AL (Trend Onaylı),-,-,🟢 Yükseliş Trendinde,18.01-19.44 (%70.6 altta),-,🟡Fiyat Orta-Üst Bant Aralığında,🟡 Normal Genişlik,0.0,EMA5 Destek: 65.10 (%1.7 altta)
ALUM.L,4.18,11.65,41.77,62.05,0.59,⚠️ Yükseliş Trendinde Düzeltme (SSL Negatif),🔴 SAT,🩸 SAT (Zirveden Dönüş),-,🔴 Düşüş Trendinde,-,-,⚪Fiyat Alt_Orta Bant Aralığında,⚪ Yelpaze Açık,0.0,EMA100 Destek: 3.96 (%5.4 altta) | EMA55 Direnç: 4.19 (%0.1 üstte)
BZ=F,102.7,24.58,58.02,95.76,0.86,🟢 EMA Yükselişte (SSL Ok Bekleniyor),🟢 AL (Trend Onaylı),-,-,🔴 Düşüş Trendinde,58.72-61.50 (%40.1 altta),-,🟡Fiyat Orta-Üst Bant Aralığında,⚪ Yelpaze Açık,0.0,EMA5 Destek: 101.26 (%1.4 altta)
CCJ,85.18,29.62,38.23,26.18,-0.05,⚠️ Yükseliş Trendinde Düzeltme (SSL Negatif),🔴 SAT,-,-,🔴 Düşüş Trendinde,-,116.45-131.21 (%36.7 üstte),⚪Fiyat Alt_Orta Bant Aralığında,🚨 BB SIKIŞMA,0.0,EMA100 Destek: 84.72 (%0.5 altta) | EMA5 Direnç: 90.64 (%6.4 üstte)
CGW,62.78,7.78,41.83,0.0,-0.81,⚠️ Yükseliş Trendinde Düzeltme (SSL Negatif),🔴 SAT,-,-,🔴 Düşüş Trendinde,53.05-56.64 (%9.8 altta),-,⚪Fiyat Alt_Orta Bant Aralığında,🟠 Daralıyor,0.0,EMA100 Destek: 62.11 (%1.1 altta) | EMA5 Direnç: 63.38 (%1.0 üstte)
COPA,53.06,999,54.59,50.88,0.72,-,🔴 SAT,-,-,🟢 Yükseliş Trendinde,19.25-23.36 (%56.0 altta),-,🟡Fiyat Orta-Üst Bant Aralığında,-,0.0,EMA21 Destek: 51.78 (%2.4 altta) | EMA5 Direnç: 54.03 (%1.8 üstte)
COPX,85.91,53.21,53.05,49.6,0.7,⚠️ Yükseliş Trendinde Düzeltme (SSL Negatif),🔴 SAT,-,-,🔴 Düşüş Trendinde,31.97-39.53 (%54.0 altta),-,🟡Fiyat Orta-Üst Bant Aralığında,🟡 Normal Genişlik,0.0,EMA21 Destek: 84.66 (%1.5 altta) | EMA5 Direnç: 87.31 (%1.6 üstte)
EEM,67.67,33.49,57.44,55.82,0.7,⚠️ Yükseliş Trendinde Düzeltme (SSL Negatif),⏳ BEKLE,-,-,🟢 Yükseliş Trendinde,40.14-44.04 (%34.9 altta),-,🟡Fiyat Orta-Üst Bant Aralığında,🚨 BB SIKIŞMA,0.0,EMA5 Destek: 67.56 (%0.2 altta)
EWZ,38.19,18.73,57.47,78.98,0.69,🟢 EMA Yükselişte (SSL Ok Bekleniyor),⏳ BEKLE,-,-,🔴 Düşüş Trendinde,24.32-26.65 (%30.2 altta),-,🟡Fiyat Orta-Üst Bant Aralığında,🚨 BB SIKIŞMA,0.0,EMA5 Destek: 37.37 (%2.1 altta)
GC=F,4172.1,30.55,42.63,43.85,0.49,⚠️ Yükseliş Trendinde Düzeltme (SSL Negatif),🔴 SAT,-,-,🔴 Düşüş Trendinde,1823.50-1864.70 (%55.3 altta),-,⚪Fiyat Alt_Orta Bant Aralığında,🟠 Daralıyor,0.0,EMA100 Destek: 3888.18 (%6.8 altta) | EMA55 Direnç: 4250.44 (%1.9 üstte)
GLTR,186.15,28.77,42.3,50.09,0.52,⚠️ Yükseliş Trendinde Düzeltme (SSL Negatif),🔴 SAT,-,-,🔴 Düşüş Trendinde,86.64-87.91 (%52.8 altta),-,⚪Fiyat Alt_Orta Bant Aralığında,⚪ Yelpaze Açık,0.0,EMA100 Destek: 174.74 (%6.1 altta) | EMA55 Direnç: 192.41 (%3.4 üstte)
HG=F,6.58,33.64,60.77,66.86,0.85,⚠️ Yükseliş Trendinde Düzeltme (SSL Negatif),⏳ BEKLE,🩸 SAT (Zirveden Dönüş),-,🟢 Yükseliş Trendinde,3.69-3.81 (%42.2 altta),-,🟡Fiyat Orta-Üst Bant Aralığında,🚨 BB SIKIŞMA,0.0,EMA21 Destek: 6.39 (%2.9 altta) | EMA5 Direnç: 6.59 (%0.2 üstte)
IBB,205.29,35.42,61.94,25.75,0.74,🟢 EMA Yükselişte (SSL Ok Bekleniyor),⏳ BEKLE,-,-,🟢 Yükseliş Trendinde,112.15-117.75 (%42.6 altta),-,🟡Fiyat Orta-Üst Bant Aralığında,⚪ Yelpaze Açık,0.0,EMA21 Destek: 194.20 (%5.4 altta) | EMA5 Direnç: 206.08 (%0.4 üstte)
ICLN,17.19,1.49,39.78,3.05,-0.8,⚠️ Yükseliş Trendinde Düzeltme (SSL Negatif),🔴 SAT,-,-,🔴 Düşüş Trendinde,11.03-11.84 (%31.1 altta),-,⚪Fiyat Alt_Orta Bant Aralığında,⚪ Yelpaze Açık,0.0,EMA100 Destek: 16.94 (%1.5 altta) | EMA200 Direnç: 17.28 (%0.5 üstte)
INDA,46.52,-2.82,36.39,0.0,-0.53,"📉 Düşüş Hazırlığı (50<100 Kesti, 150 Bekleniyor)",🔴 SAT,-,-,🔴 Düşüş Trendinde,42.67-43.83 (%5.8 altta),-,🚨Fiyat Bandın Altında!,🟠 Daralıyor,-0.9,EMA5 Direnç: 47.87 (%2.9 üstte)
IWM,281.52,22.19,47.48,0.0,-0.6,⚠️ Yükseliş Trendinde Düzeltme (SSL Negatif),🔴 SAT,-,-,🟢 Yükseliş Trendinde,228.90-239.10 (%15.1 altta),-,⚪Fiyat Alt_Orta Bant Aralığında,🚨 BB SIKIŞMA,0.0,EMA55 Destek: 270.06 (%4.1 altta) | EMA5 Direnç: 285.86 (%1.5 üstte)
KOID,36.74,999,49.79,16.96,-0.6,-,⏳ BEKLE,-,-,🔴 Düşüş Trendinde,-,-,⚪Fiyat Alt_Orta Bant Aralığında,-,0.0,EMA5 Destek: 36.48 (%0.7 altta) | EMA21 Direnç: 37.05 (%0.9 üstte)
MARS,25.92,999,50.01,28.78,-0.3,-,⏳ BEKLE,-,-,🔴 Düşüş Trendinde,-,-,⚪Fiyat Alt_Orta Bant Aralığında,-,0.0,EMA5 Destek: 25.83 (%0.3 altta) | EMA21 Direnç: 27.71 (%6.9 üstte)
NASA,25.0,999,49.27,,-0.25,-,⏳ BEKLE,-,-,🟢 Yükseliş Trendinde,-,-,⚪Fiyat Alt_Orta Bant Aralığında,-,0.0,EMA5 Destek: 24.42 (%2.3 altta) | EMA21 Direnç: 26.93 (%7.7 üstte)
PA=F,1173.0,-7.28,37.74,28.31,0.08,"⚡ Yükseliş Hazırlığı (50>100 Kesti, 150 Bekleniyor)",🔴 SAT,-,-,🔴 Düşüş Trendinde,873.50-922.60 (%21.3 altta),2035.50-2202.10 (%73.5 üstte),⚪Fiyat Alt_Orta Bant Aralığında,🚨 BB SIKIŞMA,0.0,EMA5 Direnç: 1265.03 (%7.8 üstte)
PHO,68.07,6.36,44.78,3.09,-0.18,⚠️ Yükseliş Trendinde Düzeltme (SSL Negatif),🔴 SAT,-,-,🟢 Yükseliş Trendinde,-,72.55-74.74 (%6.6 üstte),⚪Fiyat Alt_Orta Bant Aralığında,⚪ Yelpaze Açık,0.0,EMA200 Destek: 64.00 (%6.0 altta) | EMA100 Direnç: 68.44 (%0.5 üstte)
PL=F,1706.8,24.81,43.9,57.05,0.69,🟢 EMA Yükselişte (SSL Ok Bekleniyor),🔴 SAT,-,-,🔴 Düşüş Trendinde,871.40-903.20 (%47.1 altta),1946.90-2068.20 (%14.1 üstte),⚪Fiyat Alt_Orta Bant Aralığında,🟡 Normal Genişlik,0.0,EMA100 Destek: 1593.82 (%6.6 altta) | EMA55 Direnç: 1747.86 (%2.4 üstte)
QQQ,749.58,45.69,64.57,76.06,0.62,🟢 EMA Yükselişte (SSL Ok Bekleniyor),🟢 AL (Trend Onaylı),-,-,🟢 Yükseliş Trendinde,561.57-595.08 (%20.6 altta),-,🟡Fiyat Orta-Üst Bant Aralığında,🚨 BB SIKIŞMA,0.0,EMA5 Destek: 734.26 (%2.0 altta)
SI=F,60.71,38.34,43.55,60.6,0.52,⚠️ Yükseliş Trendinde Düzeltme (SSL Negatif),🔴 SAT,🩸 SAT (Zirveden Dönüş),-,🔴 Düşüş Trendinde,22.51-22.93 (%62.2 altta),-,⚪Fiyat Alt_Orta Bant Aralığında,⚪ Yelpaze Açık,0.0,EMA100 Destek: 55.48 (%8.6 altta) | EMA55 Direnç: 62.99 (%3.8 üstte)
SMH,630.6,105.39,65.41,48.12,0.24,⚠️ Yükseliş Trendinde Düzeltme (SSL Negatif),🟢 AL (Trend Onaylı),-,-,🟢 Yükseliş Trendinde,178.23-216.61 (%65.7 altta),-,🟡Fiyat Orta-Üst Bant Aralığında,🟠 Daralıyor,0.0,EMA5 Destek: 597.84 (%5.2 altta)
SOXX,588.9,104.79,64.23,44.34,0.08,⚠️ Yükseliş Trendinde Düzeltme (SSL Negatif),🟢 AL (Trend Onaylı),-,-,🟢 Yükseliş Trendinde,154.61-192.02 (%67.4 altta),-,🟡Fiyat Orta-Üst Bant Aralığında,🟠 Daralıyor,0.0,EMA5 Destek: 558.07 (%5.2 altta)
VNM,16.72,5.39,41.04,48.31,-0.19,⚠️ Yükseliş Trendinde Düzeltme (SSL Negatif),🔴 SAT,🩸 SAT (Zirveden Dönüş),-,🔴 Düşüş Trendinde,10.92-12.70 (%24.0 altta),-,⚪Fiyat Alt_Orta Bant Aralığında,🟠 Daralıyor,0.0,EMA100 Destek: 16.57 (%0.9 altta) | EMA5 Direnç: 17.28 (%3.3 üstte)
WQTM,32.5,999,50.28,25.42,-0.3,-,⏳ BEKLE,-,-,🟢 Yükseliş Trendinde,-,-,⚪Fiyat Alt_Orta Bant Aralığında,-,0.0,EMA5 Destek: 32.45 (%0.2 altta) | EMA21 Direnç: 32.64 (%0.4 üstte)
XBI,154.43,43.32,57.15,0.79,0.09,⚠️ Yükseliş Trendinde Düzeltme (SSL Negatif),🔴 SAT,-,-,🟢 Yükseliş Trendinde,73.25-81.66 (%47.1 altta),-,🟡Fiyat Orta-Üst Bant Aralığında,⚪ Yelpaze Açık,0.0,EMA21 Destek: 150.46 (%2.6 altta) | EMA5 Direnç: 156.36 (%1.3 üstte)
XLV,166.18,14.97,56.29,26.33,0.63,🟢 EMA Yükselişte (SSL Ok Bekleniyor),🔴 SAT,-,-,🟢 Yükseliş Trendinde,120.70-124.46 (%25.1 altta),-,🟡Fiyat Orta-Üst Bant Aralığında,⚪ Yelpaze Açık,0.0,EMA21 Destek: 162.96 (%1.9 altta) | EMA5 Direnç: 168.13 (%1.2 üstte)
XU100.IS,12270.18,29.26,37.83,0.0,-0.55,⚠️ Yükseliş Trendinde Düzeltme (SSL Negatif),🔴 SAT,-,-,🩸 SAT (Trend Kırıldı),8984.50-10902.60 (%11.1 altta),-,🚨Fiyat Bandın Altında!,🟠 Daralıyor,-3.63,EMA100 Destek: 11877.16 (%3.2 altta) | EMA55 Direnç: 12982.75 (%5.8 üstte)
